﻿<?xml version="1.0" encoding="utf-8"?>
<ColumnsInfo>
  <View Context="GenericDIBItemView">
    <ColumnResource KeyName="NameColumn"/>
    <ColumnResource KeyName="DatatypeColumn"/>
    <ColumnResource KeyName="TagtypeColumn"/>
    <ColumnResource KeyName="DescriptionColumn"/>
    <ColumnResource KeyName="RandomNumberColumn"/>
    <ColumnResource KeyName="CreationTimeColumn"/>
    <ColumnResource KeyName="HengweiTaoColumn"/>
  </View>
  <View Context="searchtags">
    <ColumnResource KeyName="NameColumn"/>
    <ColumnResource KeyName="PathColumn"/>
    <ColumnResource KeyName="DatatypeColumn"/>
    <ColumnResource KeyName="TagtypeColumn"/>
    <ColumnResource KeyName="CreationTimeColumn"/>
  </View>
  <View Context="none">
    <ColumnResource KeyName="NameColumn"/>
    <ColumnResource KeyName="CreationTimeColumn"/>
    <ColumnResource KeyName="HengweiTaoColumn"/>
  </View>
  <View Context="Web">
    <ColumnResource KeyName="NameColumn"/>
  </View>
  <ColumnsInfo.Resources>
    <Column Key="NameColumn" Name="Name" Title="Name" CanHide="false" MinWidth="120" CurrentWidth="120" SortDirection="1" SortIndex="1">
      <Title xml:lang="en">Name</Title>
      <Title xml:lang="en-CA">Name ehh</Title>
      <Title xml:lang="de">Naam</Title>
      <Title xml:lang="es">Nombre</Title>
      <Title xml:lang="fr">Nom</Title>
      <Title xml:lang="it">nome</Title>
      <Title xml:lang="ja">日本語</Title>
      <Title xml:lang="ko">한국어</Title>
      <Title xml:lang="pt">Nome</Title>
      <Title xml:lang="zh">中文(简体)</Title>
      <Field Type="property">No child elements needed. Add data here when we implement generic QSP</Field>
    </Column>
    <Column Key="RandomNumberColumn" Name="RandomNumber" Title="Random Num" MinWidth="120" CurrentWidth="120" CanWrap="true">
      <Field Type="property">No child elements needed. Add data here when we implement generic QSP</Field>
    </Column>
    <Column Key="CreationTimeColumn" Name="CreationTime" Title="Created" MinWidth="120" CurrentWidth="120" CanWrap="true">
      <Field Type="property">No child elements needed. Add data here when we implement generic QSP</Field>
    </Column>
    <Column Key="HengweiTaoColumn" Name="HWT" Title="HW T" MinWidth="120" CurrentWidth="120" CanWrap="true">
      <Field Type="property">No child elements needed. Add data here when we implement generic QSP</Field>
    </Column>
    <Column Key="DatatypeColumn" Name="Data Type" MinWidth="80" CurrentWidth="80" >
      <Title xml:lang="en">Data Type</Title>
      <Title xml:lang="en-CA">Data Type ehh</Title>
      <Title xml:lang="de">data Type</Title>
      <Title xml:lang="es">Tipo de datos</Title>
      <Title xml:lang="fr">Type de données</Title>
      <Title xml:lang="it">Tipo di dati</Title>
      <Title xml:lang="ja">データ型</Title>
      <Title xml:lang="ko">데이터 형식</Title>
      <Title xml:lang="pt">Tipo de dados</Title>
      <Title xml:lang="zh">数据类型</Title>
      <Field Type="property">No child elements needed. Add data here when we implement generic QSP</Field>
    </Column>
    <Column Key="TagtypeColumn" Name="TagType" Title="Tag Type" MinWidth="80" CurrentWidth="80" >
      <Field Type="property">No child elements needed. Add data here when we implement generic QSP</Field>
    </Column>
    <Column Key="DescriptionColumn" Name="Description" MinWidth="120" CurrentWidth="120">
      <Title xml:lang="en">Description</Title>
      <Title xml:lang="en-CA">Description ehh</Title>
      <Title xml:lang="de">Beschrijving</Title>
      <Title xml:lang="es">Descripción</Title>
      <Title xml:lang="fr">Description</Title>
      <Title xml:lang="it">Descrizione</Title>
      <Title xml:lang="ja">説明</Title>
      <Title xml:lang="ko">기술</Title>
      <Title xml:lang="pt">Descrição</Title>
      <Title xml:lang="zh">描述</Title>
      <Field Type="property">No child elements needed. Add data here when we implement generic QSP</Field>
    </Column>
    <Column Key="PathColumn" Name="Location" CanHide="false" MinWidth="120" CurrentWidth="120">
      <Title xml:lang="en">Location</Title>
      <Title xml:lang="en-CA">Location ehh</Title>
      <Title xml:lang="de">Plaats</Title>
      <Title xml:lang="es">Ubicación</Title>
      <Title xml:lang="fr">Emplacement</Title>
      <Title xml:lang="it">Posizione</Title>
      <Title xml:lang="ja">場所</Title>
      <Title xml:lang="ko">위치</Title>
      <Title xml:lang="pt">Localização</Title>
      <Title xml:lang="zh">位置</Title>
      <Field Type="property">No child elements needed. Add data here when we implement generic QSP</Field>
    </Column>
  </ColumnsInfo.Resources>
</ColumnsInfo>