﻿<?xml version="1.0" encoding="utf-8"?>
<ColumnsInfo>
  <!-- Views whose configuration is persisted in the user.config file using the same prefix must have the same number of columns with the same name. -->
  <!-- Generic DIB GridItem View -->
  <View Context="GenericDIBItemView">
    <ColumnResource KeyName="NameColumn"/>
    <ColumnResource KeyName="DatatypeColumn"/>
    <ColumnResource KeyName="DescriptionColumn"/>
    <ColumnResource KeyName="RandomNumberColumn"/>
    <ColumnResource KeyName="CreationTimeColumn"/>
  </View>
  <!-- Search View -->
  <View Context="searchtags">
    <ColumnResource KeyName="NameColumn"/>
    <ColumnResource KeyName="PathColumn"/>
    <ColumnResource KeyName="DatatypeColumn"/>
    <ColumnResource KeyName="DescriptionColumn"/>
    <ColumnResource KeyName="CreationTimeColumn"/>
  </View>
  <!-- Tree View -->
  <View Context="none">
    <ColumnResource KeyName="NameColumn"/>
  </View>
  <!-- Web View -->
  <View Context="Web">
    <ColumnResource KeyName="NameColumn"/>
  </View>
	<ColumnsInfo.Resources>
    <!-- Column Definition available attributes, their meaning, and default values -->
    <!-- Attribute: "Key" default value: null 
                    usage: This key is an index to the "View" elements below-->
    <!-- Attribute: "Name" default value: null 
                    usage: This needs to be the key value of 
                    a property of each DataItemBase instance. That property value is what will be displayed for that column for any particular row-->
    <!-- Attribute: "Title" default value: The value specified in "Name" 
                    usage: This will be the column name as displayed in DIB data grid. Note if this is not specified, the value from the "Name" attribute is used.
                           If localization is enabled, the DIB will attempt to look for an XML child element that has the curent localization key and assign that to "Title" field.
                           ex. <Title xml:lang="es">Nombre</Title>
                              OR
                               <Title xml:lang="es-ES">Nombre</Title>
     -->
    <!-- Attribute: "Visible" default value: true 
                    usage: Wether this column is visible or not-->
    <!-- Attribute: "CanHide" default value: true 
                    usage: Wether this column can be removed in the view (the remove column context menu is visible when right clicking on 
                    any column name-->
    <!-- Attribute: "MinWidth" default value: 0 
                    usage: The minimum width of this column-->
    <!-- Attribute: "CurrentWidth" default value: 100 
                    usage: The first value that we want for column width. Note that when users change column widths, those values are
                    persisted to a file and loaded next time that view is showm-->
    <!-- Attribute: "CanWrap" default value: false 
                    usage: Wether text should wrap if longer than current column width-->
    <!-- Attribute: "SortDirection" default value: SortDirection.Descending 
                    usage: The direction of default sorting for the column-->
    <!-- Attribute: "SortIndex" default value: -1 (does not participate in sorting until user clicks on columm) 
                    usage: Used for sorting multiple columns at once-->
    <!-- Column Field available attributes, their meaning, and default values: -->
    <!-- Attribute: "property" default value: null 
                            usage: The name of the field on the data source that will return back a value to display-->
    <!-- Attribute: "Const" default value: null 
                            usage: This will insert a const string value in the final column string result-->
    <!-- Attribute: "list" default value: null 
                            usage: If result of Property attribute is a collection, insert the corresponding element value between each collection item-->
    <!-- Attribute: "AlternateValue" default value: null 
                          usage: If result of Property attribute is an empty stirng, use the alternate property name instead-->
    <!-- Attribute: "RegexPattern" default value: null 
                          usage: Perform the regex statement specified on the property value specified and use that result in the final display string-->
    <Column Key="NameColumn" Name="Name" Title="Name" CanHide="false" MinWidth="120" CurrentWidth="120" SortDirection="1" SortIndex="1">
      <Title xml:lang="en">Name</Title>
      <Title xml:lang="en-CA">Name ehh</Title>
      <Title xml:lang="de">Naam</Title>
      <Title xml:lang="es">Nombre</Title>
      <Title xml:lang="fr">Nom</Title>
      <Title xml:lang="it">nome</Title>
      <Title xml:lang="ja">日本語</Title>
      <Title xml:lang="ko">한국어</Title>
      <Title xml:lang="pt">Nome</Title>
      <Title xml:lang="zh">中文(简体)</Title>
      <Field Type="property">No child elements needed. Add data here when we implement generic QSP</Field>
    </Column>
    <Column Key="RandomNumberColumn" Name="RandomNumber" Title="Random Num" MinWidth="120" CurrentWidth="120" CanWrap="true">
      <Field Type="property">No child elements needed. Add data here when we implement generic QSP</Field>
    </Column>
    <Column Key="CreationTimeColumn" Name="CreationTime" Title="Created" MinWidth="120" CurrentWidth="120" CanWrap="true">
      <Field Type="property">No child elements needed. Add data here when we implement generic QSP</Field>
    </Column>
		<Column Key="DatatypeColumn" Name="Data Type" MinWidth="80" CurrentWidth="80" SortDirection="1" SortIndex="0">
      <Title xml:lang="en">Data Type</Title>
      <Title xml:lang="en-CA">Data Type ehh</Title>
      <Title xml:lang="de">data Type</Title>
      <Title xml:lang="es">Tipo de datos</Title>
      <Title xml:lang="fr">Type de données</Title>
      <Title xml:lang="it">Tipo di dati</Title>
      <Title xml:lang="ja">データ型</Title>
      <Title xml:lang="ko">데이터 형식</Title>
      <Title xml:lang="pt">Tipo de dados</Title>
      <Title xml:lang="zh">数据类型</Title>
      <Field Type="property">No child elements needed. Add data here when we implement generic QSP</Field>
		</Column>
		<Column Key="DescriptionColumn" Name="Description" MinWidth="120" CurrentWidth="120">
      <Title xml:lang="en">Description</Title>
      <Title xml:lang="en-CA">Description ehh</Title>
      <Title xml:lang="de">Beschrijving</Title>
      <Title xml:lang="es">Descripción</Title>
      <Title xml:lang="fr">Description</Title>
      <Title xml:lang="it">Descrizione</Title>
      <Title xml:lang="ja">説明</Title>
      <Title xml:lang="ko">기술</Title>
      <Title xml:lang="pt">Descrição</Title>
      <Title xml:lang="zh">描述</Title>
      <Field Type="property">No child elements needed. Add data here when we implement generic QSP</Field>
		</Column>
		<Column Key="PathColumn" Name="Location" CanHide="false" MinWidth="120" CurrentWidth="120">
      <Title xml:lang="en">Location</Title>
      <Title xml:lang="en-CA">Location ehh</Title>
      <Title xml:lang="de">Plaats</Title>
      <Title xml:lang="es">Ubicación</Title>
      <Title xml:lang="fr">Emplacement</Title>
      <Title xml:lang="it">Posizione</Title>
      <Title xml:lang="ja">場所</Title>
      <Title xml:lang="ko">위치</Title>
      <Title xml:lang="pt">Localização</Title>
      <Title xml:lang="zh">位置</Title>
      <Field Type="property">No child elements needed. Add data here when we implement generic QSP</Field>
		</Column>
	</ColumnsInfo.Resources>
</ColumnsInfo>