﻿<?xml version="1.0" encoding="utf-8"?>
<ColumnsInfo>
  <!-- Views whose configuration is persisted in the user.config file using the same prefix must have the same number of columns with the same name. -->
  <View Context="GenericDIBItemView">
    <!-- search view grid view columns -->
    <ColumnResource KeyName="NameColumn"/>
    <ColumnResource KeyName="PathColumn"/>
    <ColumnResource KeyName="DatatypeColumn"/>
    <ColumnResource KeyName="DescriptionColumn"/>
    <ColumnResource KeyName="RandomNumColumn"/>
  </View>
    <!-- Search View -->
  <View Context="searchtags">
    <!-- search drop-down menu items -->
    <ColumnResource KeyName="NameColumn"/>
    <ColumnResource KeyName="PathColumn"/>
    <ColumnResource KeyName="DatatypeColumn"/>
    <ColumnResource KeyName="DescriptionColumn"/>
    <ColumnResource KeyName="RandomNumColumn"/>
  </View>
	<ColumnsInfo.Resources>
    <!-- Column Definition available attributes, their meaning, and default values -->
    <!-- Attribute: "Key" default value: null 
                    usage: This key is an index to the "View" elements below-->
    <!-- Attribute: "Name" default value: null 
                    usage: This needs to be the key value of 
                    a property of each DataItemBase instance. That property value is what will be displayed for that column for any particular row-->
    <!-- Attribute: "Title" default value: The value specified in "Name" 
                    usage: This will be the column name as displayed in DIB data grid. Note if this is not specified, the value from the "Name" attribute is used.
                           If localization is enabled, the DIB will attempt to look for an XML child element that has the curent localization key and assign that to "Title" field.
                           ex. <Title xml:lang="es">Nombre</Title>
                              OR
                               <Title xml:lang="es-ES">Nombre</Title>
     -->
    <!-- Attribute: "Visible" default value: true 
                    usage: Wether this column is visible or not-->
    <!-- Attribute: "CanHide" default value: true 
                    usage: Wether this column can be removed in the view (the remove column context menu is visible when right clicking on 
                    any column name-->
    <!-- Attribute: "MinWidth" default value: 0 
                    usage: The minimum width of this column-->
    <!-- Attribute: "CurrentWidth" default value: 100 
                    usage: The first value that we want for column width. Note that when users change column widths, those values are
                    persisted to a file and loaded next time that view is showm-->
    <!-- Attribute: "CanWrap" default value: false 
                    usage: Wether text should wrap if longer than current column width-->
    <!-- Attribute: "SortDirection" default value: SortDirection.Descending 
                    usage: The direction of default sorting for the column-->
    <!-- Attribute: "SortIndex" default value: -1 (does not participate in sorting until user clicks on columm) 
                    usage: Used for sorting multiple columns at once-->
    <!-- Column Field available attributes, their meaning, and default values: -->
    <!-- Attribute: "property" default value: null 
                            usage: The name of the field on the data source that will return back a value to display-->
    <!-- Attribute: "Const" default value: null 
                            usage: This will insert a const string value in the final column string result-->
    <!-- Attribute: "list" default value: null 
                            usage: If result of Property attribute is a collection, insert the corresponding element value between each collection item-->
    <!-- Attribute: "AlternateValue" default value: null 
                          usage: If result of Property attribute is an empty stirng, use the alternate property name instead-->
    <!-- Attribute: "RegexPattern" default value: null 
                          usage: Perform the regex statement specified on the property value specified and use that result in the final display string-->
    <Column Key="NameColumn" Name="Name" Title="Name" CanHide="false" MinWidth="120" CurrentWidth="120" SortDirection="1" SortIndex="0">
      <Title xml:lang="en">Name</Title>         <!-- English -->
      <Title xml:lang="en-CA">Name ehh</Title>  <!-- Canadian English -->
      <Title xml:lang="de">Naam</Title>         <!-- German -->
      <Title xml:lang="es">Nombre</Title>       <!-- Spanish -->
      <Title xml:lang="fr">prénom</Title>       <!-- French -->
      <Title xml:lang="it">Nome</Title>         <!-- Italian -->
      <Title xml:lang="ja">名</Title>           <!-- Japanese -->
      <Title xml:lang="ko">이름</Title>         <!-- Korean -->
      <Title xml:lang="pt">Nome</Title>         <!-- Portuguese -->
      <Title xml:lang="zh">名稱</Title>         <!-- Chinese -->
      <Field Type="property">No child elements needed. Add data here when we implement generic QSP</Field>
    </Column>
    <!--
    When a DataItemBase is created, the following field names are changed when added to the dictionary of strings
      CommonName => Name
      CommonDescription => Description
      CommonDataType  => Data Type
      CommonRefTargetId => RefTargetId
      CommonID => Id
      CommonLocation => Location
      CommonResourceType => ResourceType
    -->
    <Column Key="ItemNameColumn" Name="itemName" Title="Item Name" CanHide="false" MinWidth="120" CurrentWidth="120" SortDirection="1" SortIndex="0">
      <Title xml:lang="en">Item Name</Title>            <!-- English -->
      <Title xml:lang="en-CA">Item Name ehh</Title>     <!-- Canadian English -->
      <Title xml:lang="de">Artikelname</Title>          <!-- German -->
      <Title xml:lang="es">Nombre del árticulo</Title>  <!-- Spanish -->
      <Title xml:lang="fr">Nom de l'article</Title>     <!-- French -->
      <Title xml:lang="it">Nome dell'elemento</Title>   <!-- Italian -->
      <Title xml:lang="ja">項目名</Title>               <!-- Japanese -->
      <Title xml:lang="ko">항목 이름</Title>             <!-- Korean -->
      <Title xml:lang="pt">Nome do item</Title>         <!-- Portuguese -->
      <Title xml:lang="zh">項目名</Title>                <!-- Chinese -->
      <Field Type="property">No child elements needed. Add data here when we implement generic QSP</Field>
    </Column>
    <!-- 
    Name field MUST match string added to DataItemBase with SetStringMapValue for search to work.
    Title field is the default text displayed for seach column when searching
    -->
    <Column Key="RandomNumColumn" Name="randomNum" Title="Random Number" MinWidth="120" CurrentWidth="120" CanWrap="true">
      <Title xml:lang="en">Random Number</Title>      <!-- English -->
      <Title xml:lang="en-CA">Random Number ehh</Title>   <!-- Canadian English -->
      <Title xml:lang="de">Zufallszahl</Title>      <!-- German -->
      <Title xml:lang="es">Número aleatorio</Title>   <!-- Spanish -->
      <Title xml:lang="fr">Nombre aléatoire</Title>   <!-- French -->
      <Title xml:lang="it">Numero casuale</Title>     <!-- Italian -->
      <Title xml:lang="ja">乱数</Title>               <!-- Japanese -->
      <Title xml:lang="ko">난수</Title>               <!-- Korean -->
      <Title xml:lang="pt">Número aleatório</Title>   <!-- Portuguese -->
      <Title xml:lang="zh">隨機數</Title>             <!-- Chinese -->
      <Field Type="property">No child elements needed. Add data here when we implement generic QSP</Field>
    </Column>
		<Column Key="DatatypeColumn" Name="Data Type" MinWidth="80" CurrentWidth="80">
      <Title xml:lang="en">Data Type</Title>            <!-- English -->
      <Title xml:lang="en-CA">Data Type ehh</Title>     <!-- Canadian English -->
      <Title xml:lang="de">Datentyp</Title>            <!-- German -->
      <Title xml:lang="es">Tipo de datos</Title>        <!-- Spanish -->
      <Title xml:lang="fr">Type de données</Title>      <!-- French -->
      <Title xml:lang="it">Tipo di dati</Title>         <!-- Italian -->
      <Title xml:lang="ja">データ型</Title>              <!-- Japanese -->
      <Title xml:lang="ko">데이터 형식</Title>           <!-- Korean -->
      <Title xml:lang="pt">Tipo de dados</Title>        <!-- Portuguese -->
      <Title xml:lang="zh">數據類型</Title>              <!-- Chinese -->
      <Field Type="property">No child elements needed. Add data here when we implement generic QSP</Field>
		</Column>
		<Column Key="DescriptionColumn" Name="Description" MinWidth="120" CurrentWidth="120">
      <Title xml:lang="en">Description</Title>          <!-- English -->
      <Title xml:lang="en-CA">Description ehh</Title>   <!-- Canadian English -->
      <Title xml:lang="de">Beschreibung</Title>         <!-- German -->
      <Title xml:lang="es">Descripción</Title>          <!-- Spanish -->
      <Title xml:lang="fr">La description</Title>          <!-- French -->
      <Title xml:lang="it">Descrizione</Title>          <!-- Italian -->
      <Title xml:lang="ja">説明</Title>                 <!-- Japanese -->
      <Title xml:lang="ko">기술</Title>                 <!-- Korean -->
      <Title xml:lang="pt">Descrição</Title>            <!-- Portuguese -->
      <Title xml:lang="zh">描述</Title>                 <!-- Chinese -->
      <Field Type="property">No child elements needed. Add data here when we implement generic QSP</Field>
		</Column>
		<Column Key="PathColumn" Name="Location" Title="Location" CanHide="false" MinWidth="120" CurrentWidth="120">
      <Title xml:lang="en">Location</Title>             <!-- English -->
      <Title xml:lang="en-CA">Location ehh</Title>      <!-- Canadian English -->
      <Title xml:lang="de">Ort</Title>                  <!-- German -->
      <Title xml:lang="es">Ubicación</Title>            <!-- Spanish -->
      <Title xml:lang="fr">Emplacement</Title>          <!-- French -->
      <Title xml:lang="it">luogo</Title>                <!-- Italian -->
      <Title xml:lang="ja">ロケーション</Title>          <!-- Japanese -->
      <Title xml:lang="ko">위치</Title>                 <!-- Korean -->
      <Title xml:lang="pt">Localização</Title>          <!-- Portuguese -->
      <Title xml:lang="zh">位置</Title>                 <!-- Chinese -->
      <Field Type="property">No child elements needed. Add data here when we implement generic QSP</Field>
		</Column>
	</ColumnsInfo.Resources>
</ColumnsInfo>